realization,w0_marginal68_contains_generating_value,w0_marginal95_contains_generating_value,wa_marginal68_contains_generating_value,wa_marginal95_contains_generating_value,wp_marginal68_contains_generating_value,wp_marginal95_contains_generating_value,H0_marginal68_contains_generating_value,H0_marginal95_contains_generating_value,Omega_m0_marginal68_contains_generating_value,Omega_m0_marginal95_contains_generating_value,HPD68_contains_generating_point,HPD95_contains_generating_point,ellipse68_contains_generating_point,ellipse95_contains_generating_point
N100-0,True,True,True,True,False,True,True,True,True,True,True,True,True,True
N100-1,False,True,False,True,True,True,True,True,False,True,True,True,True,True
N100-2,True,True,True,True,True,True,True,True,True,True,True,True,True,True
N100-3,False,True,False,True,True,True,True,True,True,True,False,True,True,True
N100-4,True,True,True,True,True,True,True,True,True,True,True,True,True,True
N100-5,True,True,True,True,True,True,True,True,True,True,True,True,True,True
N100-6,True,True,True,True,True,True,True,True,True,True,True,True,True,True
N100-7,True,True,True,True,False,True,False,True,False,True,True,True,True,True
N100-8,True,True,True,True,True,True,True,True,True,True,True,True,True,True
N100-9,True,True,False,True,True,True,True,True,True,True,False,True,False,True
N100-10,True,True,True,True,True,True,True,True,True,True,True,True,True,True
N100-11,True,True,True,True,True,True,True,True,True,True,True,True,True,True
N100-12,True,True,True,True,False,True,False,True,True,True,True,True,True,True
N100-13,True,True,True,True,True,True,True,True,True,True,True,True,True,True
N100-14,True,True,False,True,False,True,False,True,True,True,False,True,False,True
N100-15,False,True,False,True,True,True,True,True,True,True,False,True,True,True
N100-16,False,True,True,True,False,True,False,True,False,True,True,True,True,True
N100-17,False,True,False,True,True,True,True,True,True,True,False,True,False,True
N100-18,True,True,True,True,True,True,True,True,True,True,True,True,True,True
N100-19,False,True,True,True,False,True,True,True,True,True,False,True,True,True
N100-20,False,True,True,True,True,True,True,True,True,True,True,True,True,True
N100-21,False,False,False,False,False,True,False,True,False,False,False,False,False,False
N100-22,False,False,False,True,False,True,False,True,False,False,False,True,False,True
N100-23,True,True,True,True,True,True,True,True,True,True,True,True,True,True
N100-24,True,True,True,True,True,True,True,True,True,True,True,True,True,True
N100-25,True,True,True,True,False,False,False,False,False,True,False,True,False,True
N100-26,True,True,True,True,True,True,True,True,True,True,True,True,True,True
N100-27,False,True,False,True,True,True,False,True,False,True,False,True,False,True
N100-28,True,True,True,True,False,True,False,False,False,True,False,True,False,True
N100-29,True,True,True,True,False,True,False,True,False,True,True,True,True,True
N100-30,False,True,False,True,True,True,True,True,True,True,False,True,False,True
N100-31,True,True,True,True,True,True,True,True,True,True,True,True,True,True
N100-32,False,True,False,True,True,True,True,True,False,True,False,True,False,True
N100-33,False,False,False,False,True,True,True,True,False,True,False,True,False,True
N100-34,False,True,False,False,True,True,True,True,True,True,False,True,False,True
N100-35,True,True,True,True,True,True,True,True,True,True,True,True,True,True
N100-36,True,True,True,True,True,True,True,True,True,True,True,True,True,True
N100-37,True,True,True,True,True,True,True,True,True,True,True,True,True,True
N100-38,True,True,True,True,True,True,False,True,False,True,True,True,True,True
N100-39,True,True,True,True,True,True,True,True,False,True,True,True,True,True
N100-40,True,True,False,True,True,True,True,True,True,True,True,True,True,True
N100-41,True,True,True,True,True,True,True,True,True,True,True,True,True,True
N100-42,True,True,True,True,True,True,True,True,True,True,True,True,True,True
N100-43,True,True,True,True,False,True,True,True,True,True,True,True,True,True
N100-44,True,True,True,True,True,True,True,True,False,True,True,True,True,True
N100-45,False,True,False,True,False,True,True,True,False,True,False,True,False,True
N100-46,True,True,True,True,True,True,True,True,True,True,True,True,True,True
N100-47,True,True,True,True,True,True,True,True,True,True,True,True,True,True
N100-48,True,True,True,True,True,True,True,True,True,True,True,True,True,True
N100-49,True,True,True,True,True,True,False,True,False,False,True,True,True,True
N100-50,True,True,True,True,True,True,False,True,False,True,True,True,True,True
N100-51,False,False,False,True,False,True,False,True,False,True,False,True,False,True
N100-52,False,True,False,True,True,True,True,True,True,True,False,True,False,True
N100-53,True,True,False,True,True,True,True,True,True,True,True,True,True,True
N100-54,True,True,True,True,True,True,True,True,True,True,True,True,True,True
N100-55,True,True,False,True,True,True,True,True,True,True,True,True,True,True
N100-56,True,True,False,True,True,True,True,True,True,True,True,True,True,True
N100-57,True,True,True,True,True,True,True,True,False,True,True,True,True,True
N100-58,False,True,False,False,True,True,False,True,False,True,False,True,False,True
N100-59,True,True,True,True,True,True,True,True,True,True,True,True,True,True
N100-60,True,True,True,True,False,True,False,True,False,True,True,True,True,True
N100-61,False,True,True,True,False,False,False,False,False,False,False,False,False,False
N100-62,True,True,True,True,True,True,False,True,False,True,True,True,True,True
N100-63,True,True,True,True,False,True,False,False,False,False,False,True,False,True
N100-64,True,True,True,True,False,True,True,True,True,True,True,True,True,True
N100-65,False,True,False,False,False,False,False,False,False,True,False,False,False,False
N100-66,True,True,True,True,True,True,True,True,True,True,True,True,True,True
N100-67,True,True,True,True,True,True,True,True,True,True,True,True,True,True
N100-68,False,True,False,True,True,True,True,True,True,True,False,True,False,True
N100-69,True,True,True,True,True,True,True,True,True,True,True,True,True,True
N100-70,False,True,False,True,True,True,False,True,True,True,False,True,False,True
N100-71,False,True,False,True,True,True,True,True,True,True,False,True,False,True
N100-72,True,True,True,True,True,True,True,True,True,True,True,True,True,True
N100-73,True,True,True,True,True,True,True,True,False,True,True,True,True,True
N100-74,True,True,False,True,True,True,True,True,True,True,False,True,False,True
N100-75,True,True,True,True,False,True,False,True,False,True,True,True,True,True
N100-76,True,True,True,True,True,True,True,True,False,True,True,True,True,True
N100-77,False,True,False,True,True,True,True,True,False,True,False,True,False,True
N100-78,True,True,True,True,True,True,True,True,True,True,True,True,True,True
N100-79,True,True,True,True,True,True,True,True,True,True,True,True,True,True
N100-80,False,True,False,True,True,True,True,True,True,True,True,True,True,True
N100-81,True,True,True,True,True,True,True,True,True,True,True,True,True,True
N100-82,False,False,False,False,False,True,False,True,False,True,False,True,False,True
N100-83,False,False,False,True,False,True,False,True,False,True,False,True,False,True
N100-84,True,True,True,True,True,True,True,True,True,True,True,True,True,True
N100-85,True,True,True,True,True,True,True,True,True,True,True,True,True,True
N100-86,True,True,True,True,True,True,True,True,True,True,True,True,True,True
N100-87,True,True,False,True,False,False,False,True,True,True,False,False,False,False
N100-88,True,True,True,True,True,True,True,True,True,True,True,True,True,True
N100-89,True,True,False,True,False,True,False,False,False,True,False,True,False,True
N100-90,True,True,True,True,False,True,True,True,True,True,True,True,False,True
N100-91,True,True,False,True,False,False,False,True,False,True,False,True,False,True
N100-92,False,True,True,True,False,True,True,True,True,True,True,True,True,True
N100-93,True,True,True,True,True,True,True,True,True,True,True,True,True,True
N100-94,False,True,False,True,True,True,True,True,True,True,False,True,False,True
N100-95,True,True,False,True,True,True,True,True,True,True,True,True,True,True
N100-96,False,True,True,True,False,True,False,True,False,True,False,True,False,True
N100-97,False,True,False,True,True,True,True,True,True,True,False,True,False,True
N100-98,False,True,False,True,False,True,False,False,False,False,False,True,False,True
N100-99,True,True,True,True,False,True,True,True,True,True,True,True,True,True
