realization,chi2_min_LCDM,chi2_min_CPL,LCDM_random_start_seed,CPL_random_start_seed,LCDM_optimizer_success,CPL_optimizer_success,LCDM_optimizer_method,CPL_optimizer_method,LCDM_total_starts,CPL_total_starts,LCDM_restart_chi2_spread,CPL_restart_chi2_spread,max_restart_chi2_spread
N100-0,1646.5766070305797,1645.1901241312917,910000,920000,True,True,SLSQP,SLSQP,7,9,1.8189894035458565e-11,2.2737367544323206e-10,2.2737367544323206e-10
N100-1,1550.3931686978474,1548.681222921879,910001,920001,True,True,SLSQP,SLSQP,7,9,5.229594535194337e-12,6.639311322942376e-11,6.639311322942376e-11
N100-2,1646.9356505959236,1645.9491613046196,910002,920002,True,True,SLSQP,SLSQP,7,9,1.318767317570746e-11,8.86757334228605e-12,1.318767317570746e-11
N100-3,1518.8757239755744,1516.5079592194122,910003,920003,True,True,SLSQP,SLSQP,7,9,1.1095835361629725e-10,9.799805411603302e-11,1.1095835361629725e-10
N100-4,1567.9885439574691,1567.1975047835508,910004,920004,True,True,SLSQP,SLSQP,7,9,1.887201506178826e-11,8.321876521222293e-11,8.321876521222293e-11
N100-5,1602.317196347423,1601.665495445014,910005,920005,True,True,SLSQP,SLSQP,7,9,1.5870682545937598e-10,5.240963218966499e-10,5.240963218966499e-10
N100-6,1712.940445625837,1712.82973303192,910006,920006,True,True,SLSQP,SLSQP,7,9,3.069544618483633e-11,2.651177055668086e-10,2.651177055668086e-10
N100-7,1550.6669296281036,1549.4964978130176,910007,920007,True,True,SLSQP,SLSQP,7,9,4.615685611497611e-11,3.092281986027956e-11,4.615685611497611e-11
N100-8,1486.4712772904427,1486.448319698819,910008,920008,True,True,SLSQP,SLSQP,7,9,1.4483703125733882e-10,5.400124791776761e-10,5.400124791776761e-10
N100-9,1590.1437435250882,1586.9359462461996,910009,920009,True,True,SLSQP,SLSQP,7,9,7.02584657119587e-11,2.2328094928525388e-10,2.2328094928525388e-10
N100-10,1589.9797044949137,1589.7420650833185,910010,920010,True,True,SLSQP,SLSQP,7,9,2.000888343900442e-11,5.238689482212067e-10,5.238689482212067e-10
N100-11,1589.0992548699028,1589.0405078294557,910011,920011,True,True,SLSQP,SLSQP,7,9,0.0,5.259153113001958e-10,5.259153113001958e-10
N100-12,1581.064748665023,1578.7519976793628,910012,920012,True,True,SLSQP,SLSQP,7,9,1.5916157281026244e-12,4.0949998947326094e-10,4.0949998947326094e-10
N100-13,1594.4730144905589,1593.6931078416594,910013,920013,True,True,SLSQP,SLSQP,7,9,1.971329766092822e-10,8.230927051045e-11,1.971329766092822e-10
N100-14,1668.562425683047,1665.7956792596558,910014,920014,True,True,SLSQP,SLSQP,7,9,1.4551915228366852e-11,2.1532287064474076e-10,2.1532287064474076e-10
N100-15,1645.3210076381813,1642.8255478753167,910015,920015,True,True,SLSQP,SLSQP,7,9,3.1377567211166024e-11,9.117684385273606e-11,9.117684385273606e-11
N100-16,1446.8713243536845,1444.8850889770636,910016,920016,True,True,SLSQP,SLSQP,7,9,1.546140993013978e-11,1.8667378753889352e-10,1.8667378753889352e-10
N100-17,1761.9445653568798,1758.7023548039817,910017,920017,True,True,SLSQP,SLSQP,7,9,4.7066350816749036e-11,3.3514879760332406e-10,3.3514879760332406e-10
N100-18,1581.9242823666982,1580.6473454343407,910018,920018,True,True,SLSQP,SLSQP,7,9,8.481038094032556e-11,5.95719029661268e-11,8.481038094032556e-11
N100-19,1439.446011293134,1437.216828394658,910019,920019,True,True,SLSQP,SLSQP,7,9,3.205968823749572e-11,1.318767317570746e-10,1.318767317570746e-10
N100-20,1569.6805507516654,1568.3299833259257,910020,920020,True,True,SLSQP,SLSQP,7,9,8.890310709830374e-11,2.1714186004828662e-10,2.1714186004828662e-10
N100-21,1624.9152962586168,1616.7398368427469,910021,920021,True,True,SLSQP,SLSQP,7,9,3.865352482534945e-12,1.623448042664677e-10,1.623448042664677e-10
N100-22,1598.0170491438193,1593.594218764203,910022,920022,True,True,SLSQP,SLSQP,7,9,5.047695594839752e-11,7.548806024715304e-11,7.548806024715304e-11
N100-23,1540.085710430342,1539.948109129043,910023,920023,True,True,SLSQP,SLSQP,7,9,1.4597389963455498e-10,2.2396307031158358e-10,2.2396307031158358e-10
N100-24,1660.8087903509725,1660.4786481514197,910024,920024,True,True,SLSQP,SLSQP,7,9,2.276010491186753e-10,1.971329766092822e-10,2.276010491186753e-10
N100-25,1567.2526670565994,1562.5451937776381,910025,920025,True,True,SLSQP,SLSQP,7,9,2.4783730623312294e-11,2.0372681319713593e-10,2.0372681319713593e-10
N100-26,1572.390218990986,1571.8987397285944,910026,920026,True,True,SLSQP,SLSQP,7,9,4.274625098332763e-11,5.502442945726216e-11,5.502442945726216e-11
N100-27,1614.955815960198,1611.7262532015113,910027,920027,True,True,SLSQP,SLSQP,7,9,6.252776074688882e-11,1.0982148523908108e-10,1.0982148523908108e-10
N100-28,1689.2243526722464,1685.6984005393094,910028,920028,True,True,SLSQP,SLSQP,7,9,7.503331289626658e-12,2.646629582159221e-10,2.646629582159221e-10
N100-29,1554.9349713402082,1553.665546853171,910029,920029,True,True,SLSQP,SLSQP,7,9,8.185452315956354e-12,5.1159076974727213e-11,5.1159076974727213e-11
N100-30,1657.8122909480992,1655.1806578857652,910030,920030,True,True,SLSQP,SLSQP,7,9,3.61524143954739e-11,4.9112713895738125e-11,4.9112713895738125e-11
N100-31,1625.1529731547694,1624.6655733527411,910031,920031,True,True,SLSQP,SLSQP,7,9,5.229594535194337e-12,1.0459189070388675e-10,1.0459189070388675e-10
N100-32,1508.292472074102,1505.6450482322434,910032,920032,True,True,SLSQP,SLSQP,7,9,1.5916157281026244e-12,3.985860530519858e-10,3.985860530519858e-10
N100-33,1610.02659856835,1604.0380919939091,910033,920033,True,True,SLSQP,SLSQP,7,9,1.318767317570746e-11,3.597051545511931e-10,3.597051545511931e-10
N100-34,1541.212648517401,1536.5346527649992,910034,920034,True,True,SLSQP,SLSQP,7,9,7.503331289626658e-12,2.503384166629985e-10,2.503384166629985e-10
N100-35,1551.6200522991583,1550.8070865859243,910035,920035,True,True,SLSQP,SLSQP,7,9,3.433342499192804e-11,4.099547368241474e-10,4.099547368241474e-10
N100-36,1608.0437402154755,1607.3089656284865,910036,920036,True,True,SLSQP,SLSQP,7,9,2.5011104298755527e-12,1.4301804185379297e-10,1.4301804185379297e-10
N100-37,1678.4079239707419,1677.2230969704397,910037,920037,True,True,SLSQP,SLSQP,7,9,2.3146640160121024e-10,4.0972736314870417e-10,4.0972736314870417e-10
N100-38,1652.2697432381576,1652.1574007402996,910038,920038,True,True,SLSQP,SLSQP,7,9,8.049028110690415e-11,2.660272002685815e-11,8.049028110690415e-11
N100-39,1602.6056858154366,1601.8680508825594,910039,920039,True,True,SLSQP,SLSQP,7,9,8.890310709830374e-11,2.72393663180992e-10,2.72393663180992e-10
N100-40,1491.5849679043545,1490.2703261654244,910040,920040,True,True,SLSQP,SLSQP,7,9,1.4142642612569034e-10,4.604316927725449e-10,4.604316927725449e-10
N100-41,1681.0444751563225,1680.9108732025486,910041,920041,True,True,SLSQP,SLSQP,7,9,4.6838977141305804e-11,2.971773938043043e-10,2.971773938043043e-10
N100-42,1608.1008124500217,1607.864510546847,910042,920042,True,True,SLSQP,SLSQP,7,9,1.3869794202037156e-11,9.276845958083868e-11,9.276845958083868e-11
N100-43,1702.8136420339106,1701.141341502426,910043,920043,True,True,SLSQP,SLSQP,7,9,2.603428583825007e-10,7.312337402254343e-10,7.312337402254343e-10
N100-44,1557.544324339332,1557.0287189773683,910044,920044,True,True,SLSQP,SLSQP,7,9,1.4551915228366852e-11,3.001332515850663e-11,3.001332515850663e-11
N100-45,1641.4395676589536,1638.34138420824,910045,920045,True,True,SLSQP,SLSQP,7,9,4.7066350816749036e-11,2.603428583825007e-10,2.603428583825007e-10
N100-46,1625.2020456551716,1624.2538651624852,910046,920046,True,True,SLSQP,SLSQP,7,9,5.525180313270539e-11,5.602487362921238e-10,5.602487362921238e-10
N100-47,1565.7186096555263,1564.6928417810634,910047,920047,True,True,SLSQP,SLSQP,7,9,2.97859514830634e-11,5.85941961617209e-10,5.85941961617209e-10
N100-48,1610.72214158789,1610.4091051168507,910048,920048,True,True,SLSQP,SLSQP,7,9,1.3869794202037156e-11,2.9103830456733704e-10,2.9103830456733704e-10
N100-49,1654.6761160687574,1653.7250179811929,910049,920049,True,True,SLSQP,SLSQP,7,9,3.115019353572279e-11,5.527454050024971e-10,5.527454050024971e-10
N100-50,1540.8336409841638,1540.2142821294435,910050,920050,True,True,SLSQP,SLSQP,7,9,1.2573764252010733e-10,4.0472514228895307e-11,1.2573764252010733e-10
N100-51,1562.366191702173,1558.0203415458823,910051,920051,True,True,SLSQP,SLSQP,7,9,5.275069270282984e-11,1.1141310096718371e-11,5.275069270282984e-11
N100-52,1608.3904634523362,1605.881755174413,910052,920052,True,True,SLSQP,SLSQP,7,9,9.5042196335271e-11,3.765308065339923e-10,3.765308065339923e-10
N100-53,1612.716735720833,1611.5776103733797,910053,920053,True,True,SLSQP,SLSQP,7,9,3.342393029015511e-11,7.048583938740194e-11,7.048583938740194e-11
N100-54,1558.8360434983465,1558.7568739956541,910054,920054,True,True,SLSQP,SLSQP,7,9,1.2960299500264227e-11,1.5711520973127335e-10,1.5711520973127335e-10
N100-55,1524.8122512913528,1523.9903728937365,910055,920055,True,True,SLSQP,SLSQP,7,9,2.091837814077735e-11,2.0804691303055733e-10,2.0804691303055733e-10
N100-56,1603.356617098554,1602.0960140315237,910056,920056,True,True,SLSQP,SLSQP,7,9,5.4569682106375694e-12,1.2846612662542611e-10,1.2846612662542611e-10
N100-57,1607.1781565463148,1606.7790969604637,910057,920057,True,True,SLSQP,SLSQP,7,9,1.1596057447604835e-11,1.1027623258996755e-10,1.1027623258996755e-10
N100-58,1494.7287333490087,1491.0207895209976,910058,920058,True,True,SLSQP,SLSQP,7,9,1.2732925824820995e-11,1.6984813555609435e-10,1.6984813555609435e-10
N100-59,1591.7123603496177,1591.4117108359337,910059,920059,True,True,SLSQP,SLSQP,7,9,5.6843418860808015e-12,1.4347278920467943e-10,1.4347278920467943e-10
N100-60,1609.1693221510566,1607.7454535002948,910060,920060,True,True,SLSQP,SLSQP,7,9,4.956746124662459e-11,3.1241143005900085e-10,3.1241143005900085e-10
N100-61,1605.8565222091393,1598.2973403682934,910061,920061,True,True,SLSQP,SLSQP,7,9,1.887201506178826e-11,3.3719516068231314e-10,3.3719516068231314e-10
N100-62,1596.2492990025191,1595.5939394044992,910062,920062,True,True,SLSQP,SLSQP,7,9,1.4779288903810084e-11,1.2050804798491299e-11,1.4779288903810084e-11
N100-63,1553.4817069601004,1549.719325147099,910063,920063,True,True,SLSQP,SLSQP,7,9,7.503331289626658e-11,2.1327650756575167e-10,2.1327650756575167e-10
N100-64,1600.0819460935668,1598.6034267285715,910064,920064,True,True,SLSQP,SLSQP,7,9,5.661604518536478e-11,4.5361048250924796e-10,4.5361048250924796e-10
N100-65,1629.8678134284598,1613.4572842424752,910065,920065,True,True,SLSQP,SLSQP,7,9,1.2710188457276672e-10,3.5925040720030665e-11,1.2710188457276672e-10
N100-66,1641.524006681725,1640.9723760582222,910066,920066,True,True,SLSQP,SLSQP,7,9,5.934452929068357e-11,5.5706550483591855e-11,5.934452929068357e-11
N100-67,1565.6695131407826,1565.4259276427788,910067,920067,True,True,SLSQP,SLSQP,7,9,5.002220859751105e-12,2.3214852262753993e-10,2.3214852262753993e-10
N100-68,1656.4497620096274,1652.496463137822,910068,920068,True,True,SLSQP,SLSQP,7,9,4.75210981676355e-11,8.208189683500677e-11,8.208189683500677e-11
N100-69,1615.8277852245847,1615.250169493725,910069,920069,True,True,SLSQP,SLSQP,7,9,9.322320693172514e-12,1.0118128557223827e-10,1.0118128557223827e-10
N100-70,1551.2496283944176,1548.2460236198624,910070,920070,True,True,SLSQP,SLSQP,7,9,2.773958840407431e-11,1.8121681932825595e-10,1.8121681932825595e-10
N100-71,1625.8973499247054,1622.6976613952227,910071,920071,True,True,SLSQP,SLSQP,7,9,2.2714630176778883e-10,2.43971953750588e-10,2.43971953750588e-10
N100-72,1704.4798642060325,1704.2217968120322,910072,920072,True,True,SLSQP,SLSQP,7,9,4.0245140553452075e-11,2.878550731111318e-10,2.878550731111318e-10
N100-73,1607.377931613083,1606.8966021082356,910073,920073,True,True,SLSQP,SLSQP,7,9,5.275069270282984e-11,2.730757842073217e-10,2.730757842073217e-10
N100-74,1661.1021927947218,1657.388425604091,910074,920074,True,True,SLSQP,SLSQP,7,9,3.319655661471188e-11,4.1654857341200113e-10,4.1654857341200113e-10
N100-75,1559.916745523424,1558.8062095933765,910075,920075,True,True,SLSQP,SLSQP,7,9,3.456079866737127e-11,1.1937117960769683e-10,1.1937117960769683e-10
N100-76,1602.7992698151127,1602.07830142984,910076,920076,True,True,SLSQP,SLSQP,7,9,3.456079866737127e-11,1.1687006917782128e-10,1.1687006917782128e-10
N100-77,1559.309846274594,1555.6296610805898,910077,920077,True,True,SLSQP,SLSQP,7,9,5.002220859751105e-12,4.547473508864641e-13,5.002220859751105e-12
N100-78,1545.0634431608921,1544.457796716049,910078,920078,True,True,SLSQP,SLSQP,7,9,1.5916157281026244e-12,2.128217602148652e-10,2.128217602148652e-10
N100-79,1661.4696565115848,1660.2799283778372,910079,920079,True,True,SLSQP,SLSQP,7,9,7.617018127348274e-11,1.439275365555659e-10,1.439275365555659e-10
N100-80,1686.5172322156443,1685.283171612993,910080,920080,True,True,SLSQP,SLSQP,7,9,0.0,7.526068657170981e-11,7.526068657170981e-11
N100-81,1537.0136866705827,1536.6737944223823,910081,920081,True,True,SLSQP,SLSQP,7,9,1.7485035641584545e-10,4.3996806198265404e-10,4.3996806198265404e-10
N100-82,1625.0568260275497,1619.985653600924,910082,920082,True,True,SLSQP,SLSQP,7,9,1.4097167877480388e-11,1.0390976967755705e-10,1.0390976967755705e-10
N100-83,1584.1949632231617,1579.8945204964355,910083,920083,True,True,SLSQP,SLSQP,7,9,1.2050804798491299e-11,3.828972694464028e-10,3.828972694464028e-10
N100-84,1629.1113154458571,1628.5404049171034,910084,920084,True,True,SLSQP,SLSQP,7,9,1.4233592082746327e-10,2.871729520848021e-10,2.871729520848021e-10
N100-85,1671.835701865898,1671.440754524298,910085,920085,True,True,SLSQP,SLSQP,7,9,2.7284841053187847e-11,1.0300027497578412e-10,1.0300027497578412e-10
N100-86,1594.1513978772891,1593.3928481055884,910086,920086,True,True,SLSQP,SLSQP,7,9,4.547473508864641e-13,3.637978807091713e-11,3.637978807091713e-11
N100-87,1626.4006113569192,1617.2863426815202,910087,920087,True,True,SLSQP,SLSQP,7,9,2.6147972675971687e-11,4.661160346586257e-11,4.661160346586257e-11
N100-88,1584.2122554529042,1583.8027351207481,910088,920088,True,True,SLSQP,SLSQP,7,9,1.2141754268668592e-10,2.0395418687257916e-10,2.0395418687257916e-10
N100-89,1486.3273262003277,1482.1388553979775,910089,920089,True,True,SLSQP,SLSQP,7,9,5.88897819397971e-11,9.322320693172514e-11,9.322320693172514e-11
N100-90,1702.4494760243908,1700.3346863707773,910090,920090,True,True,SLSQP,SLSQP,7,9,2.5011104298755527e-12,1.0413714335300028e-10,1.0413714335300028e-10
N100-91,1537.5015081742363,1531.9969849234942,910091,920091,True,True,SLSQP,SLSQP,7,9,1.0459189070388675e-11,3.717559593496844e-10,3.717559593496844e-10
N100-92,1536.937638147293,1535.1941627675424,910092,920092,True,True,SLSQP,SLSQP,7,9,1.0913936421275139e-11,2.644355845404789e-10,2.644355845404789e-10
N100-93,1569.7301377856838,1569.523789947446,910093,920093,True,True,SLSQP,SLSQP,7,9,1.864464138634503e-11,3.5561242839321494e-10,3.5561242839321494e-10
N100-94,1597.0638449910207,1593.6452373131556,910094,920094,True,True,SLSQP,SLSQP,7,9,6.912159733474255e-11,3.410605131648481e-10,3.410605131648481e-10
N100-95,1573.6590905404344,1572.2569627121916,910095,920095,True,True,SLSQP,SLSQP,7,9,1.177795638795942e-10,2.7966962079517543e-11,1.177795638795942e-10
N100-96,1663.0470702006623,1659.7724275276175,910096,920096,True,True,SLSQP,SLSQP,7,9,1.9099388737231493e-11,6.707523425575346e-11,6.707523425575346e-11
N100-97,1527.3439205646973,1523.9624728042513,910097,920097,True,True,SLSQP,SLSQP,7,9,4.274625098332763e-11,8.799361239653081e-11,8.799361239653081e-11
N100-98,1678.2239112361394,1673.7740923879353,910098,920098,True,True,SLSQP,SLSQP,7,9,6.480149750132114e-11,6.971276889089495e-10,6.971276889089495e-10
N100-99,1630.9904951653664,1629.7382982053773,910099,920099,True,True,SLSQP,SLSQP,7,9,1.439275365555659e-10,2.778506313916296e-10,2.778506313916296e-10
