realization,omega_m_mean,omega_m_median,omega_b_mean,omega_b_median,H0_mean,H0_median,Omega_m0_mean,Omega_m0_median,w0_mean,w0_median,wa_mean,wa_median,DeltaM_mean,DeltaM_median,wp_mean,wp_median
N100-0,0.14737095280458903,0.14737958395396453,0.022313156602205262,0.022312383912199904,70.66193983520785,70.65733282385165,0.2952258340993839,0.2951781299881736,-1.045149850676474,-1.045980890500982,0.0696451763689521,0.07891271774367078,0.01725098455360858,0.017185175704423267,-1.029387290290119,-1.0291997530084354
N100-1,0.1456619233061928,0.1456684689227062,0.022419148649533368,0.022418628022217,70.39635801537433,70.39331216175293,0.29400855145473215,0.2939416181605209,-1.0552974803786257,-1.0560584996970364,0.21219203533085665,0.22028763305400312,0.0019134605088841027,0.0018540337933573168,-1.0040258138346434,-1.0038362500026916
N100-2,0.14650642740740974,0.14651127209768236,0.022332434546107668,0.022332392901077455,69.65196322909048,69.6471519881235,0.3020679566527353,0.30201111842826767,-0.9576982002245146,-0.9582494005512415,-0.08730088160141092,-0.0799735701605954,-0.0016789271214798663,-0.0017507694392892847,-0.9779601318123925,-0.9778190106086327
N100-3,0.1463333860743062,0.14634146075817306,0.02239419010099463,0.022393903833478487,70.5250345603875,70.52383192145558,0.29428651860370003,0.2942186394212133,-1.0713227385552615,-1.0718952250026577,0.24057415533659668,0.2479865358126798,0.0028589614443698644,0.0028636686585188087,-1.0121891982293219,-1.012099448414241
N100-4,0.1465727595719997,0.14657836797240026,0.02212734240519084,0.022126527401683162,69.51515463687643,69.51124166146008,0.30339534900800225,0.30334799318405065,-1.0281064537042806,-1.028779850182761,0.12954978570875236,0.13816325551221398,-0.01595261507653086,-0.015984254097584017,-0.9968310050935856,-0.9966974559146731
N100-5,0.14759787727169488,0.14760186929549635,0.02223429933682123,0.022234247614626192,69.75605510027141,69.7516890369714,0.30341120469183963,0.3033654570276844,-0.9582761646061528,-0.9588730237103085,-0.18406188676992027,-0.17583621867711843,0.004157587161572416,0.0040991872198693526,-0.9997681536407003,-0.9997158343183327
N100-6,0.14669005880431973,0.14669853933526955,0.022468017891152672,0.022467381731137194,70.45251916920255,70.44890306989535,0.2956110374532502,0.29555685882383426,-0.9961939311151253,-0.9971162151198698,-0.0626684468558126,-0.05305344786276303,0.014706702628935028,0.014620953843580083,-1.0101175530934141,-1.0100117968987021
N100-7,0.1471927813529581,0.14720443460921998,0.022360501582421928,0.022360993646873033,70.76674350613094,70.76374195465847,0.2939968302987184,0.29393729845743644,-1.012332791107305,-1.0132962348569448,-0.07547485033338483,-0.06670724819589033,0.026588700888329493,0.026566962384798398,-1.02900623578583,-1.028962611067372
N100-8,0.14679873966117707,0.14680524849858906,0.022248920414358955,0.022248447199417806,70.12570506339496,70.12159028991925,0.2985949823604545,0.2985394122722522,-0.9883506903728406,-0.9890830916330022,-0.062181413340906766,-0.05354739007285761,0.011024721337952651,0.010997021300058217,-1.0025988949727385,-1.002488522563383
N100-9,0.14538061809971964,0.1453856608417297,0.022684519692110036,0.022684073675460513,70.02899627389368,70.02720408811965,0.2965279066487761,0.29647917658555567,-1.042473753112074,-1.0430385328327176,0.24203794535196735,0.24832241289174597,-0.0050098482241636615,-0.0050302568521136196,-0.9795516909768794,-0.9794727073592481
N100-10,0.14630824290879474,0.14631748703978226,0.02218674008835208,0.022186124518624062,70.12617869556904,70.12119256657272,0.2975922549090084,0.29754190606995207,-1.0195733904284943,-1.0203789562850765,0.05512803245615455,0.06428982826280402,0.0031086044718640396,0.003043643056827208,-1.0068237783250173,-1.00672725078391
N100-11,0.147628145203031,0.14763635296340694,0.022459811361332505,0.022459298603869703,69.88635274997822,69.88308879146959,0.3023418198032248,0.3022877713079921,-1.0061760785752702,-1.0069875590575914,0.016196681941390755,0.02473397907844084,-0.006815470487890542,-0.006869104313537667,-1.0024659048803548,-1.0023424878131024
N100-12,0.14602484836293503,0.14602812168974108,0.02228987211095246,0.022289721646322334,69.15779011369045,69.15419042136202,0.3053931512699879,0.3053226874261502,-0.9672145505550694,-0.9677438517500403,0.01040290048147134,0.0170836288081138,-0.023405189135823103,-0.02343224477321927,-0.9646297571740436,-0.9645252575323695
N100-13,0.14729024252919817,0.14729799953405745,0.022258011340088764,0.02225761452132236,69.60523350578623,69.60301717714921,0.3040919877803263,0.304018558953314,-0.9482480532694477,-0.9489930828291434,-0.17454984295890713,-0.1652217159961054,-0.0035731072804637363,-0.0035719554748526398,-0.9869749595950178,-0.9868901610937315
N100-14,0.1488507410339586,0.1488584820445329,0.022395158937997522,0.022394578865544752,70.80739388912635,70.80433086578441,0.29696776991860835,0.2969121255675974,-0.9711431541155405,-0.9718848256102911,-0.27077450450169405,-0.2625043471279795,0.026088999213105746,0.02605429197786551,-1.0302875932585063,-1.0301860965102179
N100-15,0.1457897308921477,0.14579471711894526,0.022470450112912824,0.022470137218668012,69.86597554091726,69.86343149908572,0.2987499842529315,0.2986834317196381,-1.059204185694494,-1.059926493693335,0.26305534837210137,0.27188255888210794,-0.012753307981772382,-0.012757932230130244,-0.9949956991676742,-0.9949029343769111
N100-16,0.14637173734672587,0.14637923029932734,0.022399805659418247,0.022399697286613028,71.13210047082177,71.127879277538,0.2893616947553228,0.2893078547809219,-1.0595929771518826,-1.0601983304488494,0.12099771182178119,0.13015650690280509,0.024154919169742533,0.02401303131299958,-1.0320838527690281,-1.0319858544154434
N100-17,0.14635001719530713,0.146357338868653,0.022366622334815657,0.02236650133296641,69.88469841032067,69.8789682682062,0.2997380927695046,0.2996724486708452,-1.0755949042304622,-1.0763341246314073,0.2994042233177399,0.30711575901516935,-0.01508004532567627,-0.015159608464106366,-1.0018434068758455,-1.0015731444276454
N100-18,0.14773273546849638,0.1477397577113787,0.022249877208068904,0.022250043195224133,70.45797226773117,70.4546761107942,0.29766764941307333,0.2976237367839418,-0.9717556942444113,-0.9724453095772955,-0.21813150774117848,-0.20890642706309343,0.014645499373860789,0.014615904893145935,-1.019164084457943,-1.019102453870794
N100-19,0.14740022974299724,0.1474080919246355,0.02228384971784047,0.02228359970209398,70.45216720462935,70.44776906429028,0.2970456348835806,0.2969964834478924,-1.0635882639269387,-1.0643793302972238,0.12661997558494908,0.13580609485595962,0.00564642849539487,0.0056086001853289345,-1.0347807625727765,-1.0346563067921435
N100-20,0.14781678729089345,0.14782409334202143,0.02246480137369362,0.022464631657587577,69.9655111883023,69.9623545336256,0.30204311262151673,0.3019938284700085,-1.0538128924641375,-1.0545763394131331,0.17761594131132824,0.18617930874855743,-0.00657180427233985,-0.006570475864682866,-1.0116885053085416,-1.0115557481514539
N100-21,0.14815277599366422,0.14816293549287038,0.02243480029335337,0.02243535328894377,68.80390239212296,68.80042882990978,0.3130395340138724,0.31297634261168894,-0.84926865292725,-0.8498674076772651,-0.4435230019805849,-0.43610467523083346,-0.004887390900941339,-0.004910432517026825,-0.9485482017665195,-0.9484277116696855
N100-22,0.14813889502028202,0.14814651450814503,0.02219558487125719,0.022195208393233343,68.79201087335433,68.78839993246261,0.313118111175637,0.31305371245840397,-0.8848269650832946,-0.885557521139702,-0.35362923929505924,-0.3455484488257166,-0.02011654456886928,-0.020138621166250086,-0.9633095926222958,-0.9632035108762199
N100-23,0.14719766745263585,0.14720625591707084,0.02218360396896499,0.02218305155765015,69.38765991144648,69.38406274331572,0.3058081598376379,0.30573856521164183,-0.9895721550611295,-0.9906606439152927,-0.01817584171680181,-0.0069174043615869985,-0.01261407519413493,-0.012680804443029044,-0.9935854398869945,-0.993453549689023
N100-24,0.14846599292042856,0.1484672279974446,0.02258601972701688,0.02258650100191904,69.71323251419365,69.71176052957605,0.3055708780449966,0.3055046421617308,-0.9664412992256357,-0.9671739634111269,-0.1266399733559638,-0.1194386924918518,-0.005022941154487126,-0.0050496599520238345,-0.9957023907266693,-0.995648011693428
N100-25,0.1462751001795455,0.14628023236684579,0.02244323161871432,0.022442626051712752,68.6458313756831,68.64066839331693,0.31049532168318905,0.3104370013760125,-0.9552017751936244,-0.9559938799495178,0.030507083795301378,0.03878752434851296,-0.030214920339122864,-0.030294136954121063,-0.9478738736599238,-0.9476915855252821
N100-26,0.1479072261385408,0.14791114905375705,0.022481556298094996,0.022481729057596808,70.22971618309964,70.2267514998224,0.29995933670290265,0.2999022099762834,-0.9723552292476857,-0.9730388041118577,-0.15906117647892132,-0.15120628270900477,0.013736203831216938,0.013691111802133865,-1.008125743673929,-1.0080420994590853
N100-27,0.14764932833471897,0.14765611269860796,0.022419595552467177,0.022419187966624718,70.8555975036461,70.85276837347287,0.29417065187302305,0.2941073227148584,-0.9423135999225649,-0.9430789451120358,-0.364914999562733,-0.3557652405779882,0.031439383218821525,0.031411045057064726,-1.0203949076783232,-1.0203464498796033
N100-28,0.14662000917662046,0.14662288023711945,0.022338595534349928,0.02233871235960709,68.59299649242729,68.58667001505833,0.31170817536607726,0.3116617449000355,-0.9684399562648653,-0.9691685111070666,0.051059230329150586,0.05853451031521208,-0.03158079168758816,-0.03165022117501604,-0.9557760080224329,-0.9555967541305755
N100-29,0.14693509688494513,0.146939677908864,0.022562555037312252,0.02256254097648601,71.1189886605508,71.11537685996065,0.29058256239461183,0.29053939612282476,-1.0420216824655493,-1.042866020239531,0.06114493185902056,0.07079588775564119,0.027234431353811546,0.027207195823106517,-1.028073541484538,-1.0280310842157425
N100-30,0.14482437221245498,0.14482788998058418,0.02217445332683335,0.02217397175592991,70.11016224807686,70.10700083492313,0.29470859221289625,0.2946491949101605,-1.0682072853480806,-1.068754400001016,0.2649543439837787,0.27189791856627,-0.005779286423417952,-0.0058199523461975496,-1.0026315722152708,-1.0025159368551209
N100-31,0.14754398216058076,0.14755704549133808,0.022511854303453326,0.022511330358379777,69.58040146615353,69.57757121715483,0.3048328219801613,0.3047548925896761,-0.9671000325431646,-0.9676712571771232,-0.08131225397681806,-0.0744740656917926,-0.015197416532628643,-0.015223328225630252,-0.9859701210586125,-0.9859098192978459
N100-32,0.1484928060589961,0.14850083575952,0.022079755268066763,0.0220792773228192,69.66683943596456,69.66263649704267,0.3060324470376024,0.30598418536235944,-0.917114370761354,-0.9177368526589904,-0.3929186784716889,-0.3837953058265089,0.005039642260891742,0.004954793241340047,-1.000808416782651,-1.0007415420414376
N100-33,0.1453210394028464,0.14532929121302948,0.022481240176493455,0.022481263863418102,70.66635359065991,70.66366412618007,0.29108207126401126,0.2910192753473945,-1.1107104594693824,-1.1111652558180805,0.39951810935111987,0.4067513743724699,0.0055969055588784055,0.0055613186904739376,-1.009572058056863,-1.009380849705992
N100-34,0.14801707332343725,0.14802810897671023,0.02214102029121503,0.022140469869372376,70.56579107413965,70.56143809249157,0.2973309170412005,0.2972847116397539,-0.9166358225984124,-0.9176111004803467,-0.47937908614896335,-0.4703115736948812,0.022209945985947645,0.02215941077192367,-1.016468512437697,-1.0163203725790613
N100-35,0.14842016276661224,0.14842814338398025,0.02257928345429156,0.022578799714564005,70.30621028528257,70.30158484384572,0.3003446133635922,0.30028827660921126,-1.039983527029918,-1.0407563006473852,0.08866929477748463,0.09701081627158589,0.002652329294317534,0.0026185471413069997,-1.019486369732617,-1.0193958885349752
N100-36,0.147178122997419,0.1471867165606643,0.02231949196272409,0.022320082568686814,70.0509725259791,70.04609817372298,0.30000672726063854,0.2999546189971826,-0.9528767450748706,-0.9537017645313689,-0.2134552275762282,-0.20371759610621057,0.0005818591611758165,0.0004946020711695809,-0.9993597270469371,-0.9992198749284565
N100-37,0.14617741742372892,0.14618622899786166,0.02243470865801202,0.02243433110599017,69.71577480145571,69.71459252794024,0.3008382575065835,0.30075553717753034,-1.0214732909233866,-1.0222555934209594,0.14339955609917973,0.15153867788246744,-0.012299280160675274,-0.012321830044668537,-0.987218638153897,-0.9870893261391369
N100-38,0.14641562115577758,0.14642366096744275,0.022499568641449273,0.02250006217307006,70.71947593630615,70.71664190435507,0.29283583911355743,0.29279015197752367,-1.012445459229813,-1.0130509070813023,0.021714968560555048,0.03011498244276442,0.021914780544346667,0.02191059264329717,-1.0074329097283878,-1.0073072786672697
N100-39,0.14569319391018618,0.14569650138523565,0.022358553573004616,0.022358627408405125,70.55499345580813,70.54944403804848,0.29274986882035,0.2927045190902324,-1.0379447390075416,-1.038708702591419,0.12379091061537995,0.13312828214807398,0.020929707776520343,0.02084587442390938,-1.0092767324710612,-1.0092032340661223
N100-40,0.14807249418554225,0.14808114603234668,0.022487911196035965,0.022487407011367977,70.63558713494288,70.63183273343984,0.2968534418215845,0.29679672877531155,-0.9654664767625767,-0.9663407786056595,-0.23477250354990448,-0.2262667810734042,0.016577465098203875,0.016543404161037584,-1.0164686070137072,-1.0163200017978753
N100-41,0.14661406240304786,0.14662010600214978,0.022329831269490223,0.022329552869762462,70.11652069347097,70.11270370606027,0.29829816439456347,0.2982447083798076,-0.9840570109879225,-0.984729934427651,-0.0942562736238561,-0.08713750921738087,0.0012439010218823422,0.0012117951886931456,-1.0056496278312146,-1.0055440647624312
N100-42,0.14773157249493363,0.14773910943340274,0.022242895331252246,0.022242019455382765,69.90959159088972,69.90774706409401,0.30235434190994326,0.30228016083547143,-0.9874856106529193,-0.9882495915735185,-0.10239126426543799,-0.0948156788411489,0.00031666901027244023,0.00030963693800756253,-1.010729201491595,-1.0106941353645549
N100-43,0.14652188103647076,0.14652960672392126,0.02239861741194594,0.02239868022211622,69.41754501796619,69.41271474582419,0.30414298970856785,0.30409502218140394,-0.9679283047506162,-0.9686488698215673,-0.009400450428323954,-0.0020019925455593,-0.011405122673468113,-0.011471599237322602,-0.9701818610807408,-0.9700884334538182
N100-44,0.14489306560799914,0.14490572846950778,0.022270385053056584,0.02227001081555379,70.27964764358623,70.27866701391585,0.2934282376517074,0.29335321526754554,-1.0250091106855477,-1.025889809826056,0.10511927317096253,0.11385026962389003,0.0002962595589183535,0.0002896659235609028,-1.0001868093341257,-1.0001866589195914
N100-45,0.146461326594405,0.14647207623200045,0.022224541089938585,0.022224386798380368,70.62967509704438,70.62647996962899,0.2936713953635575,0.2936130026759275,-1.0842898199915203,-1.0850296200137892,0.2321469997143824,0.24196787901166888,0.0059417336462211975,0.005887339145627941,-1.030652836671844,-1.0304939964851356
N100-46,0.14547617850428787,0.145483092428365,0.02260665377339459,0.02260597758323166,70.18011413096401,70.17745771103046,0.29544634964108973,0.29539949054514836,-0.9961898506378888,-0.9968166192889081,0.062215944989097445,0.06966124762052445,-0.00014844012792432267,-0.0001330526745861745,-0.9811710410635944,-0.9810436325211345
N100-47,0.1478309956127564,0.1478403112840787,0.022051545382725687,0.02205117977522274,69.9743215890593,69.97007128751443,0.30199662936609445,0.3019538406289282,-1.0401842651332003,-1.0409932563665552,0.06784181785710647,0.07801107359865504,-0.0014576278999288942,-0.0015485021968666005,-1.0247760325880766,-1.024732236481486
N100-48,0.1469387347744444,0.14694531004590072,0.022461670141701136,0.02246194891626132,70.1356408786449,70.13269924352574,0.2987945108667359,0.2987384296080888,-0.9656738999969139,-0.9664855950744478,-0.138981328024832,-0.13064848146026659,0.008595961738691867,0.008554503803014472,-0.996706629856515,-0.9966478774392074
N100-49,0.145766716322427,0.14577449608241522,0.02248038214519966,0.02248043160116102,71.09606188564912,71.09178308298041,0.2884575205024961,0.2884099885749252,-1.041353111877408,-1.0421569591571727,0.08751774310181676,0.09597680414846432,0.025277836850422404,0.025194237816223004,-1.0209349357495305,-1.0208261748242045
N100-50,0.14726478084746442,0.14727216121561337,0.022521578040547847,0.022520747467955994,70.92620281428148,70.92436754864646,0.29281921207116146,0.2927713666280296,-1.0140093131306664,-1.014898873236708,-0.036763967311147096,-0.02693471515422345,0.01788574518916392,0.01784612326163957,-1.0222305291375446,-1.0221928357703665
N100-51,0.14551937769661027,0.14552627205368313,0.022350682438134668,0.022350517457463876,70.99122591454486,70.98731805862218,0.2888180274219584,0.2887648522400479,-1.100498147189856,-1.101135707236673,0.2955947511556108,0.3040796589878665,0.008277332875710953,0.008197373998695355,-1.0294319086969295,-1.029302669676133
N100-52,0.14764606721799348,0.1476534897301278,0.02243055827426963,0.022429517152268198,69.64813983253359,69.64397253214652,0.30445254575090275,0.3043934257569003,-0.9126695095410987,-0.9133702909200024,-0.3030122858034313,-0.29523871523163336,-0.0012464099250485416,-0.0013260406707680142,-0.9800307755861144,-0.9798844285121344
N100-53,0.14735095071155718,0.14736045069071899,0.022326531746542165,0.022325915564844936,70.5328630250925,70.52816294603691,0.2962684545960074,0.296218349641225,-0.9561332755403168,-0.9569853500422056,-0.2594958002133752,-0.2494157378648351,0.014760909077190831,0.014670167638693273,-1.0110402170122452,-1.0109843128103657
N100-54,0.1473312681403826,0.14733681982310007,0.022447875962821023,0.022447358240466897,70.22317953226792,70.21963934157064,0.29884729085127326,0.2987993543441903,-1.0091501034450756,-1.0098915853781947,0.004579125145865875,0.012865031774435765,0.014258828042801866,0.01420798629834173,-1.0080929059169306,-1.0080522231889386
N100-55,0.14726323363134117,0.147272241109843,0.022304153112135294,0.02230387602657013,70.0551353330328,70.05453506860454,0.3001431080342721,0.3000769943934149,-0.9490663616167302,-0.9497686224013602,-0.20320878401330594,-0.19594570614315607,0.002703015259135072,0.002680314235963009,-0.9952650787831654,-0.9951852342352272
N100-56,0.14810798150295418,0.1481152363887993,0.022146148038776518,0.02214551314456364,70.0433116324235,70.03972796221123,0.30196738602251144,0.30190778895853765,-0.952668429060223,-0.9535374802383186,-0.2640447005219734,-0.25346834599225593,-0.0003562692819072562,-0.0003995884101494398,-1.0094497414183596,-1.0094022819358566
N100-57,0.14593413909035785,0.14594099629984025,0.022408818838962962,0.022408217114614454,70.46291047644559,70.46056009595878,0.2940022497037592,0.2939485829290876,-1.0248650503401844,-1.0253739745370896,0.08676571463377625,0.09406130289255658,0.013602557924509,0.013573198166641036,-1.004179346413431,-1.004070646616453
N100-58,0.14883924395261966,0.14884422532177724,0.022204762923891043,0.022204662624569486,69.23770945842321,69.23589136823057,0.3105610121503466,0.3104874210981575,-0.898494970648006,-0.8992272027018156,-0.42164955583935,-0.4128672054511024,-0.01045977825921297,-0.010479531902698885,-0.990924285746707,-0.9908502772480827
N100-59,0.14668873802365623,0.14669527571644095,0.02212904797907227,0.022128493366827037,69.4156928866107,69.41427819492557,0.3045049215060052,0.30443788694553847,-0.9990193163837062,-0.9997269277091145,0.032663498307726586,0.04136730561800195,-0.018779582381889044,-0.018771637409839836,-0.9913504053567225,-0.9912936557214316
N100-60,0.14715150357493925,0.1471589066068239,0.02233562899732857,0.02233561859897086,71.06790270645212,71.06508664564844,0.29142885441060384,0.2913611841371457,-0.9926945095129951,-0.9935587402653953,-0.16674164360147772,-0.15592580873456643,0.02119283275887121,0.021116624938990733,-1.028219405634548,-1.0281655253346182
N100-61,0.14633912919681952,0.14634558219195432,0.022499454801914523,0.022499362851372266,68.45569695184429,68.45309722824575,0.312359348420447,0.31229809796283864,-0.9185396555267776,-0.9193232748924003,-0.06216522183593954,-0.053832556982088275,-0.036003103115409524,-0.036050133552783276,-0.9333989992495597,-0.9332836555853632
N100-62,0.14645445802884302,0.14646372950493178,0.022455157372828,0.02245451750738902,70.99094610873472,70.98692717087673,0.2906774275411321,0.2906154349472906,-1.0110258819637714,-1.0118253847891505,-0.05011279690901388,-0.04195134640080478,0.024121789189015065,0.024050936041455792,-1.022298013100829,-1.022209186951887
N100-63,0.14741264841338292,0.14741888499477737,0.022286685700697178,0.022286670026876794,71.49090496315004,71.48740702396294,0.2885015763301124,0.2884414991118276,-1.0281863337922357,-1.0287241013413206,-0.09899056602539115,-0.09118153807338143,0.035027039392369196,0.034990737106659474,-1.049869126745047,-1.0497273775663347
N100-64,0.14558374172425473,0.14559115363501643,0.022450666331604505,0.02245022165640937,69.64038294145331,69.63557407889206,0.30026573657635547,0.3002074228744678,-0.9520500371428483,-0.9527700041368634,-0.08905832745266407,-0.08104575546335532,-0.005470020946105761,-0.0055478235897780375,-0.9727902423603056,-0.9726524615019585
N100-65,0.14377383342912228,0.14377528923097008,0.022394547911624613,0.022394115498613365,68.41457205314447,68.4128311229705,0.3072519006167786,0.307195538757885,-1.0619182144925186,-1.0622749169036643,0.47218385888151027,0.47765100384846704,-0.05621421258818579,-0.05621581067889564,-0.9242137035624877,-0.9240520000345502
N100-66,0.14799941886176057,0.1480083781113982,0.022674404253510364,0.022674601028540957,69.6738653765001,69.67031014323285,0.3049542793484628,0.3049322920731179,-1.0077350186828506,-1.0083042258050683,0.07568772880030258,0.08495124913021693,-0.004019541894007515,-0.004044273020337981,-0.989777399024019,-0.9896343881575502
N100-67,0.14750378559622276,0.14751173533624654,0.022236489213308674,0.022236036941716546,69.99257039610127,69.98886671400743,0.3011712337295564,0.301126895511031,-1.0040249087356523,-1.0047969362898341,-0.04896667901112742,-0.03962792325416331,0.00029419705174617815,0.00025300238095717076,-1.0149487726016422,-1.0148656331328958
N100-68,0.1455249576557864,0.14552927896410833,0.02241883042681386,0.022418526665486573,69.77438218283196,69.77135936067427,0.2989913559636209,0.2989467913540412,-1.0540705022317667,-1.054577097143746,0.2877006416134374,0.29418652369340037,-0.008074277332839237,-0.008095880697891134,-0.9806260247330231,-0.980474525158706
N100-69,0.1467363958328999,0.14674368330561907,0.022465213702377314,0.022465079718752987,70.38903839128326,70.38495829568093,0.29623960365404955,0.2961879694868645,-0.9570551732265263,-0.9577768277171224,-0.18370418700173455,-0.17563138284877813,0.015325544831269468,0.015259391815911107,-0.998071211559761,-0.9979873436692761
N100-70,0.14687532612416224,0.14688316243292343,0.022337898399755717,0.022337609749747526,69.31238452389661,69.30914253938859,0.305801478496013,0.3057514603021133,-1.0611024061342405,-1.061797818120247,0.2873786758609789,0.29533096269424514,-0.027678666891339517,-0.027707983860867574,-0.9898889610308158,-0.9898148099974424
N100-71,0.1488164637745733,0.14882829370612072,0.022251680454790694,0.022251429101424483,70.25149978695961,70.24751318974651,0.3016167004105317,0.3015628486752495,-0.9395740119942344,-0.9405019731770411,-0.39373080009532585,-0.3837437768860248,0.014979133985345096,0.014937082269027012,-1.0216723063410202,-1.0215840957952826
N100-72,0.14760419616717255,0.14761424293573683,0.022437317429216473,0.022436603881455946,70.38506666533064,70.38269248891118,0.298024753600598,0.29795733973543903,-1.0004624213096136,-1.0011876412105192,-0.06397678103726835,-0.05507989065555624,0.008743023930797848,0.008710339509081257,-1.0146891468234975,-1.0146797580754514
N100-73,0.14563709364256852,0.1456449715952274,0.022492497928205617,0.022492197916406227,70.6209609130507,70.61712382937313,0.29209132050127296,0.29202865761718866,-1.0277274819839743,-1.0283246801813781,0.0986514006364164,0.10619782204317235,0.015037898592979531,0.015003518684363969,-1.0042756990247068,-1.0041205252248835
N100-74,0.14525712144349648,0.14526131102264608,0.022639723099545914,0.022639697517868027,69.81651767597155,69.8141963402409,0.2980807602107936,0.29801614227255524,-1.0475815204552814,-1.048258139362213,0.2773535928721538,0.28432303209788773,-0.015061069594330878,-0.015096548150682414,-0.9772573879548443,-0.9771673796805328
N100-75,0.14802327869986687,0.14803081211998886,0.022601884057531687,0.022601604056212792,70.9705888152574,70.96793298401435,0.2939597674288166,0.29389645790990826,-1.018348604940425,-1.0189046927550502,-0.046764221523969474,-0.038414120408619995,0.02331162551245762,0.02330828022802723,-1.0289080671330273,-1.0288159112242905
N100-76,0.148940714114311,0.14895108843083527,0.022235272610461935,0.022234558014263384,69.66671992639773,69.66124858683762,0.30695511901782674,0.3069118948713121,-1.0313020134474598,-1.0322085774358738,0.03900085985659961,0.05009432023808216,-0.013867147236834422,-0.013958716753500498,-1.0227637428123855,-1.0226225040657335
N100-77,0.14495803900960497,0.14496068853314903,0.022766908306323077,0.022766620504531175,70.55122165768834,70.54891562738796,0.29130416405506143,0.2912395683812314,-1.0681095149302502,-1.068695814481234,0.30656365532640767,0.313971874824563,0.0006429788792938543,0.0005843098874084122,-0.9910039774904408,-0.9909006863876453
N100-78,0.14754998038721248,0.1475616810583393,0.022280806325091395,0.02228038303303012,70.39187530081715,70.3883369954105,0.2978572981049988,0.29780485203572993,-0.9972570237997607,-0.9983701639210981,-0.10695807213694589,-0.09489479510855559,0.01061809821945502,0.010548656540584605,-1.0203350774459978,-1.020244687151274
N100-79,0.14732452024291598,0.14733374662711854,0.022289207063875528,0.022289140262547073,70.0936552824913,70.09113283906963,0.2999380854864132,0.2998921373972783,-1.051066380857378,-1.0516781282681809,0.13530502953252657,0.14331765978867875,-0.007177760265506063,-0.007184254084416372,-1.0192269999079935,-1.0191356522748576
N100-80,0.1472700320765089,0.14727774789736897,0.022397583993429518,0.02239717605677594,70.33318970708635,70.33029560212704,0.29778884308136705,0.2977260786140381,-0.9463682046829451,-0.9469819094565088,-0.25474347852540385,-0.24712050251692547,0.014232815739632898,0.014180302996933288,-1.0025495143823469,-1.0024418814204525
N100-81,0.14668168542487448,0.14668898698046784,0.02226684777188037,0.02226653229767285,69.45350315421389,69.44981887608557,0.30415973296913185,0.30409806555418173,-0.9863541743554938,-0.9869997416320937,-0.007019400002476267,0.0009887144163485823,-0.017196934988905836,-0.01727081464830804,-0.9880112597458146,-0.9879230054920551
N100-82,0.14762162524342703,0.14762623766088606,0.022281271657115572,0.022281332672145653,68.99923054299674,68.99733192669443,0.31015387612312134,0.31007937758704185,-0.8785201202467382,-0.87908398353746,-0.3967978066797827,-0.3902145254553566,-0.012829749158475639,-0.012859007085956723,-0.9686686276345441,-0.9686892791866101
N100-83,0.14626562965860634,0.1462738058875033,0.022486926174681118,0.022486287772025295,70.98836791133121,70.98749296461328,0.29032320398756895,0.2902551249341911,-1.0998881922374326,-1.1005585362082368,0.2973439628352849,0.30582703672002026,0.00967873477447547,0.009685010147909262,-1.0280005669056163,-1.027868974713409
N100-84,0.14646220116175634,0.14646938647657504,0.02197604543687498,0.021976062336862893,69.47905714249563,69.47807290126892,0.30348150626165304,0.30340638781972706,-0.9552803919096691,-0.9560943732578627,-0.15614626436018492,-0.14693364998014813,-0.01569959106563067,-0.015708447432771513,-0.9902858132652985,-0.99021795843468
N100-85,0.14812616504314438,0.1481348294839846,0.02228464087758478,0.022284353015085922,69.75060485360176,69.74898836466805,0.3045438121434746,0.3044764432585702,-1.0241664744245134,-1.024816048761184,0.03577362606418464,0.04419590018400375,-0.010523132037061305,-0.01053213424541493,-1.0159731519985247,-1.0159293785916073
N100-86,0.14563656293647304,0.14564262265717098,0.022342048810441606,0.02234152116078781,69.86853555222282,69.86433802375876,0.2984153073593843,0.2983719402337287,-0.9857967592454846,-0.9864328065172623,0.017942046362989083,0.026587823268466426,-0.005447120345999321,-0.005507004781424834,-0.981551914660986,-0.9814061199589809
N100-87,0.15009058138866757,0.15009819601791533,0.022086949645304922,0.022086581236124427,71.05436881280428,71.05016215440942,0.2973635980436116,0.29731423424967124,-1.022345643583612,-1.0232224789653581,-0.24780457561847566,-0.2384240866913063,0.018801381346365182,0.018780666332632697,-1.0744229348602006,-1.074411155952399
N100-88,0.1464441486681939,0.1464492647680815,0.022221894314990595,0.022222106958387056,69.70841965074399,69.70507656953109,0.30145129076597815,0.30139637175588674,-0.9651731212367085,-0.9658324898113138,-0.10273322837280188,-0.09415789913866991,-0.00599488334432926,-0.006074374565780295,-0.9885762105930066,-0.9884754475009669
N100-89,0.14793760423178218,0.14794765962486647,0.022330731689926046,0.022330575482449874,71.3768645543293,71.37219970841984,0.2904556051389494,0.2904113049126653,-0.9861198799400424,-0.9868038814446363,-0.27487831382747474,-0.26611109847446196,0.03207015510096129,0.03201552073114563,-1.0440647858629213,-1.0440198358972261
N100-90,0.14758277632869274,0.1475853101956833,0.02209113561344514,0.022091163663194212,70.55957745072102,70.55601442197276,0.2965090359106026,0.29646482374986444,-0.9870944778355468,-0.9877633586582505,-0.20741177876334113,-0.1981400401631917,0.009777176214707518,0.009750541301987544,-1.031946487269706,-1.0318145878390468
N100-91,0.14603313819132485,0.1460392529642876,0.022625986614649908,0.02262567712234929,68.759623415487,68.75731067901293,0.30895714493243004,0.30888583788872354,-0.9926818990723612,-0.9931280705681071,0.17416257546290453,0.1819831219456087,-0.03619723533329838,-0.036185152484931135,-0.9487415576683783,-0.9486237014367205
N100-92,0.14605901198745147,0.14606499609657492,0.0225922696598753,0.022591789301534704,69.99545649924076,69.99247306245813,0.2981973705099537,0.2981456142055339,-0.9449109296629007,-0.9455152736723702,-0.11198441702951918,-0.10446919914305114,0.009867366410399685,0.009849574746698432,-0.9710205936913618,-0.9709655702187316
N100-93,0.14663284109276875,0.14664103544276488,0.022529482555595354,0.022529660593567397,70.12885573567885,70.12642004305995,0.29823110784946044,0.2981712479911781,-0.991637793170839,-0.9922346670955252,-0.0005929538088759289,0.006612358629411216,-0.0035340003844161394,-0.0035206686231919176,-0.9917783825650813,-0.9917837616641676
N100-94,0.14609821675672266,0.14610571851789625,0.022369896220008158,0.022369483672594587,69.64767243600161,69.6449494553953,0.3012619332793604,0.3012057236266364,-1.0730669325372877,-1.0738023199016054,0.311693238061978,0.319891025074862,-0.017019485783093546,-0.017034290538542125,-0.9953180191639317,-0.9951691753584879
N100-95,0.14794681792203787,0.14795023616451058,0.022346012340946003,0.022345816468115474,70.38516064258846,70.38135145807627,0.29871578023369655,0.29864952435047804,-0.9685322046194217,-0.969387848568527,-0.21881131831541462,-0.20991907831243026,0.007854636853820478,0.007792930372258789,-1.0175510300854118,-1.0174237323523785
N100-96,0.14664681751664801,0.14665358484409236,0.022341335505244614,0.02234117327393967,68.91783415779932,68.9144119918372,0.30883255028016554,0.3087780251262798,-0.9289019801806726,-0.9295519995474322,-0.12540842509523026,-0.11697435078877473,-0.022096411605760202,-0.022113956950026194,-0.9579284053753688,-0.957863525408067
N100-97,0.147569961421933,0.14757990954705788,0.02220036978821143,0.02220032036649129,69.87940488771602,69.8762247405141,0.3022814567982641,0.30219267215330525,-1.0898130625250262,-1.0904666997549284,0.27865275767495734,0.2871784198482214,-0.01473622224823996,-0.014769468680206642,-1.0234498246256336,-1.023316966429662
N100-98,0.14764835544219213,0.14765499591726258,0.022255195653110797,0.022254825126096202,68.38719165249569,68.38382449012394,0.31578591946499046,0.3157392024030526,-0.8962067036977871,-0.8970186217463658,-0.25970743419098696,-0.2497309842352879,-0.038261249292490404,-0.03831607727344339,-0.9537402612466187,-0.9536255308789622
N100-99,0.14825930335478202,0.14826619669627167,0.022217483562573942,0.02221712013035941,70.34158465945414,70.34018532114696,0.29971779583067576,0.2996619779672664,-1.0173929977400162,-1.0181255118931276,-0.0595342812674817,-0.05092294997268637,0.0024556587448622846,0.0024489096447429986,-1.0307162259047713,-1.03064014716261
