realization,Delta_chi2_BAO_LR,Delta_chi2_CMB_LR,Delta_chi2_SN_LR,total_Delta_chi2_LR,classification
N100-0,-0.1119071321868379,0.010317997675759326,1.4880720337989715,1.386482899288012,SNE dominated
N100-1,0.8226409607036427,0.49515603593930885,0.3941487793254055,1.7119457759683883,BAO+CMB aligned
N100-2,0.8021634847486254,0.010054439354519745,0.1742713672008449,0.9864892913039967,BAO+CMB aligned
N100-3,-0.20817069986395254,0.23244463394200887,2.34349082208405,2.3677647561621598,SNE dominated
N100-4,1.0042609561481157,-0.5416450325494689,0.32842325031970176,0.7910391739183069,BAO dominated
N100-5,-0.8124358446456093,0.935954656812316,0.5281820902423533,0.6517009024091749,CMB dominated
N100-6,0.42519040097598193,-0.17274005114466012,-0.14173775591416415,0.1107125939170146,BAO dominated
N100-7,-0.0558285965222689,0.49322137376854414,0.7330390378397169,1.1704318150859763,SNE dominated
N100-8,0.047957700178580254,0.025516695249800096,-0.05051680380461221,0.02295759162370814,BAO+CMB aligned
N100-9,2.183213865151229,-1.0290017330007948,2.053585146737987,3.20779727888862,broadly shared
N100-10,-0.10949098409408542,0.14261280524940773,0.2045175904397638,0.23763941159518254,SNE dominated
N100-11,-0.05493159488681165,0.11596478018490011,-0.002286144851041172,0.058747040447087784,CMB dominated
N100-12,3.2221237245560346,-1.2564404268477731,0.34706768795194876,2.312750985660159,BAO dominated
N100-13,-0.11619373374043551,-0.046378886434905967,0.9424792690747381,0.7799066488994413,SNE dominated
N100-14,1.571923597132007,1.631423553753712,-0.4366007274945787,2.7667464233911687,BAO+CMB aligned
N100-15,1.3193081478727002,1.4656053490454506,-0.28945373405372266,2.4954597628645843,BAO+CMB aligned
N100-16,0.3717971925361869,-0.00075593622531199,1.6151941203099796,1.9862353766209253,SNE dominated
N100-17,1.7145771050895249,0.724102849422554,0.8035305983860326,3.2422105528980865,BAO+CMB aligned
N100-18,1.0153979239505766,0.6633728234496277,-0.40183381504266436,1.2769369323575575,BAO+CMB aligned
N100-19,0.5786342728012599,-0.026042712064773155,1.67659133773941,2.229182898475983,SNE dominated
N100-20,0.36563952444572934,0.13084585821190473,0.8540820430819167,1.350567425739655,SNE dominated
N100-21,1.3017043623956859,0.27514966064341895,6.598605392830905,8.17545941586991,SNE dominated
N100-22,1.1977996867996161,-0.07016523388039086,3.2951959266970334,4.422830379616244,SNE dominated
N100-23,-0.63641906821546,0.7323120499765468,0.0417083195379746,0.13760130129912795,CMB dominated
N100-24,-0.08278173607351214,0.42218922204629816,-0.00926528642003177,0.33014219955271074,CMB dominated
N100-25,0.15957163895419146,1.9271024096185572,2.6207992303884566,4.707473278961288,SNE dominated
N100-26,-0.7531296944343389,0.6258703356347883,0.618738621191369,0.4914792623917492,broadly shared
N100-27,2.7142954929286116,1.3651623694496,-0.8498951036917788,3.2295627586865976,BAO+CMB aligned
N100-28,2.1773362937267535,-0.010948903215935585,1.3595647424260733,3.5259521329369363,BAO dominated
N100-29,-0.2350694241097564,0.09575079004298098,1.408743121103953,1.2694244870372131,SNE dominated
N100-30,0.8308483712582699,0.5630706450348703,1.2377140460407645,2.6316330623340036,broadly shared
N100-31,0.24574684147677317,0.13871516602872874,0.10293779452263152,0.48739980202822153,BAO+CMB aligned
N100-32,1.561873295111739,0.7454081834399241,0.3401423633069953,2.6474238418586538,BAO+CMB aligned
N100-33,1.3752636171238608,1.4811664939357556,3.1320764633812814,5.988506574440862,broadly shared
N100-34,0.19130992361934762,2.546441269466105,1.9402445593163975,4.677995752401785,broadly shared
N100-35,-0.15717737025675582,-0.018417075563250642,0.9885601590540318,0.8129657132340071,SNE dominated
N100-36,-0.8969144603653056,0.6323006418225405,0.9993884055318176,0.7347745869890332,SNE dominated
N100-37,0.7484615852439642,0.9067278936635609,-0.4703624786052387,1.1848270003022208,BAO+CMB aligned
N100-38,0.31780675497699207,-0.06054608581303533,-0.14491817130601703,0.11234249785798056,BAO dominated
N100-39,0.5079848131035885,0.39588613421395036,-0.166236014440301,0.7376349328771994,BAO+CMB aligned
N100-40,1.9050333410955105,0.0063650724433986505,-0.5967566746089688,1.3146417389300495,BAO+CMB aligned
N100-41,-0.42135856607761824,0.36448480851805565,0.19047571133364727,0.13360195377390482,CMB dominated
N100-42,-0.2261101912207497,0.4132087163252099,0.0492033780701604,0.23630190317476263,CMB dominated
N100-43,0.6491233144702502,-0.21894487358504827,1.2421220905994232,1.6723005314845523,SNE dominated
N100-44,-0.6515078325997514,0.8825431591427413,0.28457003542075654,0.5156053619637078,CMB dominated
N100-45,0.9477491574176238,0.37060277209265335,1.779831521203505,3.0981834507135773,SNE dominated
N100-46,1.6381123815165495,-0.11951244930413982,-0.5704194395261766,0.9481804926863333,BAO dominated
N100-47,0.11759591282795512,0.06014569864791641,0.8480262629871049,1.025767874462872,SNE dominated
N100-48,-0.05357222654530425,-0.12303879210357932,0.4896474896881955,0.3130364710393678,SNE dominated
N100-49,-0.047856024102870265,-0.0007378563241509076,0.9996919679915663,0.95109808756456,SNE dominated
N100-50,0.262994015840917,0.11843928931692078,0.23792554956253298,0.6193588547203035,broadly shared
N100-51,-0.17718942273766558,0.399969085677863,4.123070493350497,4.34585015629068,SNE dominated
N100-52,-0.6649441297557761,0.6684072634883181,2.505245144190667,2.5087082779232333,SNE dominated
N100-53,1.1063949987895083,-0.7335791902166382,0.7663095388804777,1.1391253474532732,BAO dominated
N100-54,-0.0996967696158535,-0.007867679672482364,0.1867339519806137,0.07916950269236622,SNE dominated
N100-55,0.8374626674016694,0.3401265477002031,-0.3557108174854875,0.821878397616274,BAO+CMB aligned
N100-56,-0.04059905152781873,0.7813168519544755,0.5198852666035236,1.2606030670301607,CMB dominated
N100-57,-0.047689435526185875,-0.052633230959271256,0.4993822523365452,0.39905958585109147,SNE dominated
N100-58,1.152403893442397,2.1142793562406057,0.44126057832818333,3.707943828011139,BAO+CMB aligned
N100-59,0.024260146145876682,-0.005572411845330156,0.2819617793834368,0.30064951368399306,SNE dominated
N100-60,2.403070092067397,-1.003560278649631,0.024358837343925188,1.423868650761733,BAO dominated
N100-61,-1.0177016701282096,1.6501232580310699,6.9267602529430405,7.559181840845895,SNE dominated
N100-62,0.06911325561887338,0.07371809292752966,0.5125282494736894,0.6553595980199134,SNE dominated
N100-63,-0.2901509825534436,0.5303707402631925,3.522162055291801,3.7623818130014115,SNE dominated
N100-64,0.21902977989059025,0.12462983423693128,1.1348597508676903,1.4785193649952362,SNE dominated
N100-65,9.7984279427397,4.8567165191177954,1.7553847241269978,16.410529185984615,BAO+CMB aligned
N100-66,0.7780588011155896,0.06572207254680226,-0.2921502501596933,0.5516306235028878,BAO+CMB aligned
N100-67,-0.16985670495988803,0.09961782411796263,0.3138243788455384,0.2435854980037675,SNE dominated
N100-68,4.520373155080048,-0.36964816799526046,-0.1974261152793133,3.953298871805373,BAO dominated
N100-69,-0.11821027276828033,0.4343140480115311,0.26151195561624263,0.5776157308596339,CMB dominated
N100-70,0.7994060045840374,2.2068451579957227,-0.0026463880244591564,3.0036047745552423,BAO+CMB aligned
N100-71,2.4719130552366835,-0.38344103993557876,1.1112165141817059,3.199688529482728,BAO dominated
N100-72,0.266013177316216,-0.19802023146813774,0.19007444815224517,0.2580673940003635,BAO dominated
N100-73,0.09800185807823247,0.0017053169101342441,0.3816223298592831,0.48132950484750836,SNE dominated
N100-74,2.6947708692440724,2.0457732782114717,-1.0267769568249605,3.7137671906307332,BAO+CMB aligned
N100-75,-0.018912616617127398,0.4253047485564295,0.7041437981081344,1.1105359300474902,SNE dominated
N100-76,1.154200718689708,-0.13451031057718055,-0.29872202283968363,0.7209683852727267,BAO dominated
N100-77,3.065229788940636,1.3572521321854645,-0.7422967271218113,3.6801851940042525,BAO+CMB aligned
N100-78,1.6904504351597787,-0.5711128011709963,-0.5136911891456748,0.6056464448431598,BAO dominated
N100-79,-0.9171390532973831,0.11011696109226662,1.9967502259528374,1.1897281337476215,SNE dominated
N100-80,0.6026706841407545,0.29308496106333376,0.33830495744700784,1.2340606026511978,BAO+CMB aligned
N100-81,0.07547215937103147,-0.23459925936800247,0.49901934819740745,0.33989224820038544,SNE dominated
N100-82,2.322991856901954,0.8128852717814317,1.9352952979422753,5.071172426625708,broadly shared
N100-83,-0.4267925049618633,0.2611294738946909,4.466105757793457,4.30044272672626,SNE dominated
N100-84,-0.14645937770937412,0.07068515671488933,0.6466847497483741,0.5709105287537568,SNE dominated
N100-85,0.08087028783331895,0.00784566296483043,0.3062313908019405,0.39494734160007283,SNE dominated
N100-86,-0.5231715141967097,0.1891237825778861,1.092597503319439,0.7585497717007001,SNE dominated
N100-87,-1.0645717630542766,3.918085640130897,6.260754798322523,9.11426867539899,SNE dominated
N100-88,0.10404713469795013,-0.008277347046999207,0.3137505445051829,0.4095203321560348,SNE dominated
N100-89,4.017147939216297,0.7632051249798222,-0.5918822618459672,4.188470802350139,BAO+CMB aligned
N100-90,-0.5462487153970255,1.361220536747624,1.2998178322629883,2.1147896536135704,broadly shared
N100-91,0.38892760524243286,2.5458144033511374,2.569781242148565,5.504523250742068,broadly shared
N100-92,0.21347170349016054,0.09846440662478527,1.4315392696357776,1.7434753797506346,SNE dominated
N100-93,0.12676168798427767,-0.14621691732683734,0.22580306758050028,0.20634783823788894,SNE dominated
N100-94,-0.0021966603340954904,1.9065149553285012,1.5142893828706292,3.4186076778651113,CMB dominated
N100-95,-0.12141730800362893,1.9139645344513379,-0.3904193982050401,1.402127828242783,CMB dominated
N100-96,-0.7173551227344142,0.4692982437174389,3.5226995520617947,3.2746426730448093,SNE dominated
N100-97,0.9063819931441728,0.4645522865524647,2.010513480749296,3.381447760446008,SNE dominated
N100-98,-2.5084445753233666,0.13682032382025278,6.821443099707267,4.449818848204131,SNE dominated
N100-99,-0.9529924095983215,1.1007620726867897,1.1044272969004396,1.252196959989078,broadly shared
