realization,lambda_short,lambda_long,eigenvalue_ratio,axis_ratio,d_short,d_long,Delta_chi2_LR
N100-0,0.0006185844178027696,0.04244249588050538,68.6122939068889,8.283253823642548,-1.1419263302572171,0.3785597763494728,1.386482899288012
N100-1,0.0005722587625492347,0.03348441595970694,58.51271863543739,7.649360668411275,-0.12503622668432718,1.1982163214158812,1.7119457759683883
N100-2,0.0006086434183703351,0.03978144842852866,65.36084549315416,8.084605463048531,0.8563853912531669,-0.474704088374765,0.9864892913039967
N100-3,0.0005707934365979865,0.0326451892158641,57.19264995483177,7.562582227971593,-0.44950147279470504,1.3875048292810839,2.3677647561621598
N100-4,0.0005970355042289481,0.03437995774763266,57.58444431547376,7.588441494501605,0.14923628535643071,0.7146730345061949,0.7910391739183069
N100-5,0.0006423454719203674,0.04257582412253015,66.28181560188276,8.141364480348656,-0.016810322794737646,-0.9146653474694967,0.6517009024091749
N100-6,0.0006182326451204144,0.04703058631319164,76.07263492860588,8.721962791058322,-0.4046080494795732,-0.28576560937365364,0.1107125939170146
N100-7,0.0006315232294431857,0.04705102334321247,74.50402637555767,8.631571489338294,-1.1355634712247415,-0.3271000749023092,1.1704318150859763
N100-8,0.0006145477154764791,0.04223058650802233,68.71815718211494,8.289641559326611,-0.11082210854691009,-0.3075585614673314,0.02295759162370814
N100-9,0.000544257926367049,0.026429014959310576,48.55972449629843,6.968480788256392,0.9057688235880414,1.5059737546480825,3.20779727888862
N100-10,0.0006020012399745464,0.041732592252942916,69.32310015625123,8.326049492781749,-0.26293769338412354,0.2846158294766571,0.23763941159518254
N100-11,0.0006159261233450125,0.04209066403306397,68.3371957085944,8.266631460794317,-0.09449603709110338,0.08371453120388893,0.058747040447087784
N100-12,0.0005769007605634323,0.03141725149858645,54.458675817835065,7.379612172589767,1.4295630361261251,0.011455059092162408,2.312750985660159
N100-13,0.0006414590880086864,0.04805889181313526,74.92121120666773,8.655703969445105,0.4805261408473631,-0.8286203331523128,0.7799066488994413
N100-14,0.0006472477490946722,0.05094234043102645,78.7060912954603,8.871645354468376,-1.1930006464581406,-1.1989639367276468,2.7667464233911687
N100-15,0.0005699058468004393,0.03345614910656042,58.70469533588689,7.661898937984427,0.25146193362004243,1.4737753300651504,2.4954597628645843
N100-16,0.0005975672455082899,0.040874179673211206,68.40097073668032,8.270487938246468,-1.2616965472581576,0.649457283546913,1.9862353766209253
N100-17,0.0005707666951935231,0.031044327062834044,54.39057205730656,7.374996410663978,-0.015217729009789193,1.7526126951019692,3.2422105528980865
N100-18,0.0006407786128337495,0.05245291295877919,81.85808937475905,9.047546041593767,-0.7630773220953679,-0.9566715458061049,1.2769369323575575
N100-19,0.0006212618225469709,0.04360272800997505,70.18414205981318,8.37759763057484,-1.3424681489025125,0.6593583303276975,2.229182898475983
N100-20,0.0006030137955271957,0.03699560070174325,61.35116804317749,7.8326986437100645,-0.4334646934720014,0.9632999458037591,1.350567425739655
N100-21,0.0006497321330317911,0.04731799180977596,72.82692267193242,8.533869150152961,1.9127847844873698,-2.141766556088886,8.17545941586991
N100-22,0.0006534009671207172,0.05024176321603713,76.89269796681347,8.768848155077922,1.358887371072457,-1.6519814219234323,4.422830379616244
N100-23,0.0006325758444467752,0.054010956701757165,85.3825785096061,9.240269395943287,0.24696016037247204,-0.08611357177087929,0.13760130129912795
N100-24,0.0006348261490070416,0.03947445164143838,62.1815148969242,7.885525657616251,0.1465445570797259,-0.6591389859376052,0.33014219955271074
N100-25,0.0005942916703353216,0.036987341842593155,62.2376918419932,7.88908688264955,2.0821738258972897,0.09879902172402108,4.707473278961288
N100-26,0.000631576548926077,0.04397599597495368,69.62892471186554,8.344394808005283,-0.33649390889770403,-0.7688150147509534,0.4914792623917492
N100-27,0.0006522819821486651,0.0542927545626836,83.23509777755818,9.12332712213906,-0.8184799000784918,-1.5830121671203108,3.2295627586865976
N100-28,0.0005930162475016063,0.0329498256502202,55.563107737838074,7.454066523572088,1.7704538600439943,0.23008061461157384,3.5259521329369363
N100-29,0.0006051209868517606,0.04046848782265761,66.87668863246908,8.177816862248083,-1.1029335364486879,0.34326431028390736,1.2694244870372131
N100-30,0.0005624382892209601,0.031232333358370473,55.53024030712907,7.4518615330083176,-0.05529436157033884,1.5480946571138645,2.6316330623340036
N100-31,0.0006160558106145298,0.04279308075548818,69.46299347911531,8.334446201105104,0.5387760171601037,-0.4190687612661845,0.48739980202822153
N100-32,0.0006682408399880021,0.05904228742630423,88.3548024801422,9.399723532112112,-0.0684851270583476,-1.6526121537150384,2.6474238418586538
N100-33,0.0005420725474480637,0.029030720628847533,53.55504676544976,7.318131371152732,-0.3126955343021775,2.432798177778671,5.988506574440862
N100-34,0.0006681543418624967,0.06089776399434202,91.14325864378581,9.546897854475338,-0.667213922498678,-1.9704930540373469,4.677995752401785
N100-35,0.0006242860035935276,0.03951624299733831,63.29830041018718,7.956022901562513,-0.7456775645585294,0.4802440094635517,0.8129657132340071
N100-36,0.000645044831413623,0.04945747188957168,76.6729217582987,8.75630754132692,-0.00015113588934025747,-0.982933397832968,0.7347745869890332
N100-37,0.000592384952675447,0.03651808619051686,61.645870688623326,7.85148843778193,0.5341669840933622,0.7557120943737221,1.1848270003022208
N100-38,0.0006018642063759416,0.03779190479817734,62.79141440514811,7.924103381780687,-0.29156054148224236,0.12337724856534153,0.11234249785798056
N100-39,0.000590387419352676,0.040001884452178005,67.75531310615942,8.231361558464032,-0.3534898449478381,0.6459379731581066,0.7376349328771994
N100-40,0.0006448824450867423,0.051796627175800504,80.31948701725538,8.962113981492056,-0.6592750453096387,-1.040066518008743,1.3146417389300495
N100-41,0.0006171393391483686,0.04049596990657925,65.61884381323401,8.100545896001949,-0.23530655828051575,-0.4741505610690283,0.13360195377390482
N100-42,0.0006375849905290637,0.0439557641748973,68.94102720081774,8.303073358752032,-0.4279561135629474,-0.4893037814007355,0.23630190317476263
N100-43,0.0005874637660017276,0.03533484692962627,60.148129935084974,7.755522544296095,1.1935523642356385,-0.08903070292901338,1.6723005314845523
N100-44,0.0005728141179707408,0.038481839171496265,67.18032598048136,8.196360532607223,0.008526055551515777,0.5508195925244423,0.5156053619637078
N100-45,0.0005940676710259278,0.04002084909932673,67.3674920404481,8.207770223419276,-1.1902951365578998,1.2260096694844274,3.0981834507135773
N100-46,0.0005751765369538452,0.033803888640932034,58.77132753008076,7.666245986796977,0.7735650890546851,0.3236600212656029,0.9481804926863333
N100-47,0.0006414306204120478,0.04217322669180651,65.7486957275518,8.108556944830061,-0.9435610906769949,0.36589827639778677,1.025767874462872
N100-48,0.0006182502131521593,0.04622130053391219,74.76147933415518,8.646472074444882,0.11183186176760063,-0.6657501989250522,0.3130364710393678
N100-49,0.0005834522017242837,0.038520460676122276,66.02162192940959,8.125369033429164,-0.8299607821114118,0.4824927090847403,0.95109808756456
N100-50,0.000616137747574188,0.04536755208689867,73.63215817488287,8.580918259422058,-0.8780765220103253,-0.1537751024247615,0.6193588547203035
N100-51,0.0005697310606655752,0.03388430439946511,59.474209392551906,7.711952372295352,-1.1452793760419342,1.6895797613948675,4.34585015629068
N100-52,0.0006451774651735667,0.046463909490012764,72.01725416357027,8.486298024673083,0.7286251009755158,-1.460427941079042,2.5087082779232333
N100-53,0.000655808879793805,0.05905398938775395,90.04755990239306,9.489339276387637,-0.44618268330387334,-1.0819677551747944,1.1391253474532732
N100-54,0.000615783088300259,0.039841411006911416,64.70039818223222,8.043655772236416,-0.3168156611872837,0.03280853728440972,0.07916950269236622
N100-55,0.0006140696234344723,0.043717840059631065,71.1936210345637,8.4376312454719,0.158924630668989,-1.0017676899519343,0.821878397616274
N100-56,0.0006634751772745509,0.053409016696057576,80.4988920843327,8.972117480524465,-0.3868360341134473,-1.1599469338800406,1.2606030670301607
N100-57,0.0005848563214094183,0.03509271070753431,60.00227649581696,7.746113638194121,-0.15302328963072867,0.48140801959496227,0.39905958585109147
N100-58,0.0006682405377839873,0.05204535012934389,77.8841557591465,8.82520004074392,0.295087903465634,-1.9007568644570114,3.707943828011139
N100-59,0.0006046759335824548,0.038437387151399084,63.56692075319331,7.9728866010494155,0.3472588128749646,0.16088791906112154,0.30064951368399306
N100-60,0.0006369583414027702,0.05907357681082655,92.74323448018454,9.630328887436011,-1.1087362683764361,-0.676975021337025,1.423868650761733
N100-61,0.000597495599169301,0.03800357984867571,63.60478621350876,7.975260886861869,2.6375807542000795,-0.4085606419042435,7.559181840845895
N100-62,0.0006056673188340377,0.044715106908985294,73.8278350482337,8.592312555315576,-0.889789275792519,-0.21944678534310766,0.6553595980199134
N100-63,0.000630779344832884,0.0481145233447874,76.27789929858065,8.733721961373664,-1.9501240232821753,-0.41269572740638694,3.7623818130014115
N100-64,0.0006030979099672624,0.040014133169966076,66.34765683757409,8.1454071007884,1.0649171288613632,-0.4884483195579848,1.4785193649952362
N100-65,0.0004806785279588158,0.01928776125091949,40.126113668576544,6.334517635035563,3.4787384566048205,3.3847776295007312,16.410529185984615
N100-66,0.0006059992423670202,0.037399056376098805,61.71469163891837,7.855869884291514,0.4160302994156098,0.3898347080956388,0.5516306235028878
N100-67,0.0006394937995228249,0.04633138879825135,72.45009855110828,8.511762364581632,-0.5827471372751348,-0.21774808924458094,0.2435854980037675
N100-68,0.000552637620909238,0.027102318144354653,49.04175379838243,7.002981779098274,0.8646393503617636,1.7738863395067044,3.953298871805373
N100-69,0.0006188403951572642,0.04460824473099946,72.08360197569729,8.490206238702173,0.051834931580882704,-0.8932136497156158,0.5776157308596339
N100-70,0.0005787691134816436,0.0332074997479898,57.376074456058575,7.574699628107941,0.4616511438810426,1.611117175697766,3.0036047745552423
N100-71,0.0006784872908360261,0.06454959206444508,95.13751095456428,9.753845957086071,-0.8483416869433384,-1.5654477287588564,3.199688529482728
N100-72,0.0006309715864189516,0.047271957272847984,74.91931220094658,8.655594271969232,-0.5783050338209337,-0.286575069735668,0.2580673940003635
N100-73,0.0005761214851604924,0.03545841578455867,61.546768690080846,7.8451748667624255,-0.15653987487994592,0.5438281857913478,0.48132950484750836
N100-74,0.0005485171770512492,0.029158636071106005,53.1590208858339,7.291023308550995,0.9995631758370427,1.6422559784946098,3.7137671906307332
N100-75,0.0006221376415336352,0.04345624412539825,69.84988726654444,8.357624499015522,-1.1359817959309548,-0.19898916386054433,1.1105359300474902
N100-76,0.0006571992534456309,0.05366058885710512,81.65041055017628,9.036061672552721,-0.8626708805748063,0.19362619775812961,0.7209683852727267
N100-77,0.0005380664090058738,0.028478778917559462,52.92800004032323,7.275163231180674,0.44173280434682566,1.8599056573691637,3.6801851940042525
N100-78,0.0006474570804086724,0.05525812815734682,85.34639565987618,9.23831129914316,-0.7917670696413324,-0.4470120263386197,0.6056464448431598
N100-79,0.000609867983224761,0.03830674059643305,62.81152913435606,7.925372491836334,-0.7357303348838039,0.7330590263467626,1.1897281337476215
N100-80,0.0006334222818238974,0.04829444545521333,76.24367951842913,8.73176268106441,-0.12925855379243378,-1.1845085256472392,1.2340606026511978
N100-81,0.0006067970799736794,0.03810861168957774,62.80289234620369,7.924827590945036,0.47211905264854465,-0.051284037449236236,0.33989224820038544
N100-82,0.0006441336601525443,0.04502763783208058,69.90418389471698,8.360872197008932,1.1500117788495725,-1.9507764823633196,5.071172426625708
N100-83,0.000574731032308638,0.03276211030653774,57.0042480130846,7.550115761568468,-1.0789298352275625,1.727071584391901,4.30044272672626
N100-84,0.0006314305156778254,0.04560429536739123,72.22377480194496,8.498457201277475,0.35689375991700806,-0.7594231808669214,0.5709105287537568
N100-85,0.0006341767288443036,0.0416910944723128,65.74049878539198,8.108051478955469,-0.6126125384043588,0.19747296116066848,0.39494734160007283
N100-86,0.0005851319022746936,0.0377115413889266,64.44964159760119,8.028053412727221,0.7443448615892103,0.07272566232473635,0.7585497717007001
N100-87,0.0006862860695695224,0.058449041161148754,85.16716825945674,9.228605975956322,-2.802837954855787,-0.9833164971782461,9.11426867539899
N100-88,0.0006191947882644074,0.04276070232819281,69.0585630542052,8.310148196885853,0.43309288898095244,-0.5219838369371096,0.4095203321560348
N100-89,0.000654437224045779,0.05886137111638054,89.94196685893755,9.483773872195474,-1.7106445339778624,-1.1199996850832001,4.188470802350139
N100-90,0.0006519772971491479,0.05193433678707912,79.6566644485452,8.925058232221524,-1.2450070275574996,-0.9011630381444997,2.1147896536135704
N100-91,0.0005638966710795349,0.03104064784379526,55.04669460873112,7.419345969068374,2.1258440494422746,0.947004351303032,5.504523250742068
N100-92,0.0005924633724430442,0.03959122275415108,66.82476013815881,8.174641284983629,1.1417694825252045,-0.6114694917067307,1.7434753797506346
N100-93,0.000597112495529758,0.03719370202468891,62.28927095503281,7.892355222304228,0.3269808544159721,-0.013155420763786039,0.20634783823788894
N100-94,0.0005676523789835519,0.03206246418604222,56.4825681580932,7.515488550859033,0.2511404915324557,1.7875965374091212,3.4186076778651113
N100-95,0.0006363426093225412,0.045185527131611496,71.0081746367992,8.426634834665567,-0.706903060686374,-1.0365678761545543,1.402127828242783
N100-96,0.0006138143666397467,0.04222524593289838,68.79155690678182,8.29406757307787,1.635320787881063,-0.6732753934983593,3.2746426730448093
N100-97,0.0006052421100078263,0.03640962897431893,60.1571311253411,7.75610283101901,-0.8794294331819236,1.53012882271873,3.381447760446008
N100-98,0.0006557541742503233,0.052010192919388534,79.31355218416726,8.905815638343704,1.7332016356044464,-1.2108180521489362,4.449818848204131
N100-99,0.0006435120856250313,0.04414650936050929,68.602455721761,8.282659942419524,-1.1887046210050343,-0.2579554023894447,1.252196959989078
